"id","firstname","lastname","email","password","repassword","mobile"
"1","wefg","rfgthnjtgr","fghjk@k.vb","123654","123654","7075809568"
"2","fghjk","lkjhgf","ghjk@gmail.com","123456","123456","707569875"
"3","fghjk","lkjhgf","ghjk@gmail.com","123456","123456","707569875"
"4","John","Doe","john@example.com","123456asdf","12345asdf","7075608796"
"5","John","Doe","john@example.com","123456asdf","12345asdf","7075608796"
"6","John","Doe","john@example.com","123456asdf","12345asdf","7075608796"
"7",,,,,"$2y$10$GAZCF.O",
"8",,,,,"$2y$10$GAZCF.O",
"9",,,,,"hbgvfcd",
"10",,,,,"hbgvfcd",
"11",,,,,"HYGTRF",
"12",,,,,"HYGTRF",
"13","asdf","efrgthy",,,"adsSDF@#543","7896541230"
"14","asdf","efrgthy","kris@gmail.com","$2y$10$XIplBGiRiiuS85ey6HN7A.8RibrROsABNbNPJ22ku03bJpVYGegpy","adsSDF@#543","7896541230"
"15","asdf","wertyjikl","jnhb@gmail.com","$2y$10$n3PZSLEg.WYl.fWC.AfLe.WZiIuq3BhkFMWtb.8YKfdvLarsaZaJi","asdf1234ASDFG","4569871235"
"16","asdf","wertyjikl","jnhb@gmail.com","$2y$10$mvfIhnzBJs9Zw5vtxRXKI.jFR0.FxFOUgyj.hLw69g/fN/a1nWYvu","asdf1234ASDFG","4569871235"
"17","asdf","wertyjikl","jnhb@gmail.com","$2y$10$TxKQ67yWDCOdVsv04GuxyuapnbkXTjIg8u6hqznj1GRBp82nYD1Be","asdf1234ASDFG","4569871235"
"18","asdf","wertyjikl","jnhb@gmail.com","$2y$10$2cYlFighWjOPnA.1.bAyuuIxm2onTZ67dGMNSzCPENPiH9TmneaPm","asdf1234ASDFG","4569871235"
"19","asdf","wertyjikl","jnhb@gmail.com","$2y$10$MMS2mRteMA2yMBVcgtJPdu/kuKPSHHIZGv7zBe9PUkIYcja8hpRg6","asdf1234ASDFG","4569871235"
"20","asdf","wertyjikl","jnhb@gmail.com","$2y$10$5YpVjBZxl3sEfq7bMVZK4erApshMCwD2Bxx486mVmyxwRCfwb6s9y","asdf1234ASDFG","4569871235"
"21","asdf","jljl","jnhb@gmail.com","$2y$10$.DHIW30cgCPaWAax7SLc..BP4evym3EDiodO71yMCqmVmSraQYLqu","asdf1234ASDFG","7896541230"
"22","asdf1","werfg","jnhb@Qf.hh","$2y$10$4S/LpJmolvKIf6YJDIjAXOda5G3qvIOvnhLeqi9MkvPPIvpBWUYIa","$2y$10$nyV35jru6fd25SSM5","4563217892"
"id","image_url"
"1","IMG-633a3d49e9eea5.23807009.png"
"2","IMG-633a3d827efae0.01968577.png"
"3","IMG-633a3dc3acd302.96959205.png"
"4","IMG-633a3dcb480601.95573332.png"
"5","IMG-633b3c1c439df0.50852908.png"
"6","IMG-633b3c22381283.25259432.png"
"7","IMG-633b3c28ef27a5.47917078.png"
"8","IMG-633b3c2f3ae672.14411202.png"
"9","IMG-633b3c3be8bbb0.46616481.png"
"10","IMG-633b3c3ed562c1.30861334.png"
"11","IMG-633b3c411418e7.42253561.png"
"12","IMG-633b3c42daf369.93685452.png"
"13","IMG-633b4e7416c740.18879540.png"
"14","IMG-633b51c8739888.92385366.png"
"15","IMG-633b51ea845379.04538563.png"
"16","IMG-633bac0e1f6b16.11448251.png"
"17","IMG-633bac224f2e51.61038243.png"
"18","IMG-633bac4055b505.45490674.png"
"19","IMG-633bac4331f886.53633330.png"
"20","IMG-633bac4d00f421.79636054.png"
"21","IMG-633bac65d26e76.76234082.png"
"22","IMG-633bac70e5bdd4.63218952.png"
"23","IMG-633bad9a87eb60.93374814.png"
"24","IMG-633bada1789ee5.78372320.png"
"25","IMG-633bada926e071.91801695.png"
"26","IMG-633badc41bd071.64383780.png"
"27","IMG-633badca814ca2.91010429.png"
"28","IMG-633bae0780a760.19351725.png"
"29","IMG-633bae5047ab01.07072082.png"
"30","IMG-633bae58421017.72316802.png"
"31","IMG-633baed3250ea0.83144443.png"
"32","IMG-633bb28aeb21f5.51753755.png"
"33","IMG-633bb81a36b465.78116863.png"
"34","IMG-633bb8384a2b36.23425843.png"
"35","IMG-633bbb807cdb07.45681902.png"
"36","IMG-633bbb8d70cb16.41027478.png"
"37","IMG-633bbb97e56a69.03176851.png"
"38","IMG-633bc0bec73987.88675875.jpg"
"39","IMG-633bc0bec8bc17.09314421.jpg"
"40","IMG-633bc0bec92612.58350944.jpg"
"41","IMG-633bc0bec997c5.99907030.jpg"
"42","IMG-633bc0beca33c5.16653017.jpg"
"43","IMG-633bc0becab126.08917901.jpg"
"44","IMG-633bc0becb51c0.98917371.png"
"45","IMG-633bc0becc3f94.19498989.png"
"46","IMG-633bc0beccc6e1.58416590.png"
"47","IMG-633bc0becd3970.57137548.png"
"48","IMG-633bc0becda294.17660298.png"
"49","IMG-633bc0bece0e72.36983976.png"
"50","IMG-633bc0bece7321.77355027.jpg"
"51","IMG-633bc0becf4ab2.26163572.jpg"
"52","IMG-633bc0becfbdd5.61888942.jpg"
"53","IMG-633bc0bed05bf8.13554346.jpg"
"54","IMG-633bc0bed0c2e1.71543048.jpg"
"55","IMG-633bc0bed12bb8.16821412.jpg"
"56","IMG-633bc0bed18f29.97397696.jpg"
"57","IMG-633bc0bed290d1.49398804.jpg"
"58","IMG-633bc0bed2ffe7.96045026.jpg"
"59","IMG-633bc0bed37543.38543324.jpg"
"60","IMG-633bc0bed3e754.53631693.jpg"
"61","IMG-633bc0bed47672.58698964.jpg"
"62","IMG-633bc0bed4fcc7.06725370.png"
"63","IMG-633bc0bed5cb08.26390235.png"
"64","IMG-633bc0bed63625.15700186.png"
"65","IMG-633bc0bed69e54.20628680.png"
"66","IMG-633bc0bed70978.62702601.png"
"67","IMG-633bc0bed77f98.55029173.png"
"68","IMG-633bc0bed7f104.35140303.jpg"
"69","IMG-633bc0bed8f274.19864157.jpg"
"70","IMG-633bc0bed95c45.86509814.jpg"
"71","IMG-633bc0bed9c750.29677811.jpg"
"72","IMG-633bc0beda3410.72502889.jpg"
"73","IMG-633bc0bedaa229.47379658.jpg"
"74","IMG-633bc0bedb2082.15117348.jpg"
"75","IMG-633bc0bedc39d6.80208387.jpg"
"76","IMG-633bc0bedcc540.17206350.jpg"
"77","IMG-633bc0bedd3dc5.27979905.jpg"
"78","IMG-633bc0bedda5e1.11709174.jpg"
"79","IMG-633bc0bede0950.40024859.jpg"
"80","IMG-633bc0d6379aa9.43790392.jpg"
"81","IMG-633bc0d6389e21.29363533.jpg"
"82","IMG-633bc0d63907c1.73534147.jpg"
"83","IMG-633bc0d6396e66.57419749.jpg"
"84","IMG-633bc0d639cf30.64482765.jpg"
"85","IMG-633bc0d63a3081.13753007.jpg"
"86","IMG-633bc0d63aa725.55596053.png"
"87","IMG-633bc0d63ba940.03059607.png"
"88","IMG-633bc0d63c1a02.74822593.png"
"89","IMG-633bc0d63c7d38.11539476.png"
"90","IMG-633bc0d63ce192.86688897.png"
"91","IMG-633bc0d63d81f3.21988737.png"
"92","IMG-633bc0d63e23d1.72360751.jpg"
"93","IMG-633bc0d63ef5f7.07606329.jpg"
"94","IMG-633bc0d63f6867.83696318.jpg"
"95","IMG-633bc0d63ff001.58423897.jpg"
"96","IMG-633bc0d6406544.88300932.jpg"
"97","IMG-633bc0d640c9e7.01840189.jpg"
"98","IMG-633bc0d6412c03.71370392.jpg"
"99","IMG-633bc0d641f215.26431434.jpg"
"100","IMG-633bc0d6426128.52809700.jpg"
"101","IMG-633bc0d642ded5.38205950.jpg"
"102","IMG-633bc0d64356d8.68961214.jpg"
"103","IMG-633bc0d643c5e4.67932122.jpg"
"104","IMG-633bc0d6446dd5.04458311.png"
"105","IMG-633bc0d64543f5.17839129.png"
"106","IMG-633bc0d645a677.08139379.png"
"107","IMG-633bc0d64605e3.32009295.png"
"108","IMG-633bc0d6467923.29235226.png"
"109","IMG-633bc0d646f714.80772308.png"
"110","IMG-633bc0d64766a7.82674017.jpg"
"111","IMG-633bc0d6485be1.09070254.jpg"
"112","IMG-633bc0d648c241.49672353.jpg"
"113","IMG-633bc0d6492b90.65416513.jpg"
"114","IMG-633bc0d6498865.33627750.jpg"
"115","IMG-633bc0d649e4a5.05745527.jpg"
"116","IMG-633bc0d64a46b5.77564595.jpg"
"117","IMG-633bc0d64b4a92.02806237.jpg"
"118","IMG-633bc0d64bb800.03002434.jpg"
"119","IMG-633bc0d64c4823.98298163.jpg"
"120","IMG-633bc0d64cb627.41278328.jpg"
"121","IMG-633bc0d64d16c4.71054083.jpg"
"122","IMG-633bc13a79aae3.28463112.jpg"
"123","IMG-633bc13a7ab5a7.71777157.jpg"
"124","IMG-633bc13a7b0a72.34891320.jpg"
"125","IMG-633bc13a7b7d42.12673534.jpg"
"126","IMG-633bc13a7bc359.75879186.jpg"
"127","IMG-633bc13a7c2aa5.33974491.jpg"
"128","IMG-633bc13a7c8b30.34368621.png"
"129","IMG-633bc13a7d45f1.24274819.png"
"130","IMG-633bc13a7ddc55.97180301.png"
"131","IMG-633bc13a7e4741.64763074.png"
"132","IMG-633bc13a7ebb94.95145640.png"
"133","IMG-633bc13a7f3132.18530222.png"
"134","IMG-633bc13a7f7dc4.19032196.jpg"
"135","IMG-633bc13a8059f2.31893704.jpg"
"136","IMG-633bc13a80a623.19533528.jpg"
"137","IMG-633bc13a80f0e3.85660768.jpg"
"138","IMG-633bc13a815a74.76721456.jpg"
"139","IMG-633bc13a81f313.09458553.jpg"
"140","IMG-633bc13a824a47.76107860.jpg"
"141","IMG-633bc13a831158.20143388.jpg"
"142","IMG-633bc13a835d16.58193998.jpg"
"143","IMG-633bc13a83a6a5.83645332.jpg"
"144","IMG-633bc13a83e7e6.10582174.jpg"
"145","IMG-633bc13a843377.78942483.jpg"
"146","IMG-633bc13a8478a7.09197745.png"
"147","IMG-633bc13a851ad2.28807372.png"
"148","IMG-633bc13a856913.52389970.png"
"149","IMG-633bc13a85d2b0.92636519.png"
"150","IMG-633bc13a863454.72315434.png"
"151","IMG-633bc13a868ab9.47241099.png"
"152","IMG-633bc13a86e3e4.20633165.jpg"
"153","IMG-633bc13a87b4c1.52007369.jpg"
"154","IMG-633bc13a87fdb3.90496306.jpg"
"155","IMG-633bc13a884058.77785775.jpg"
"156","IMG-633bc13a8a5225.40537187.jpg"
"157","IMG-633bc13a8c7689.10445011.jpg"
"158","IMG-633bc13a8e1f49.26199896.jpg"
"159","IMG-633bc13aa3b6f9.97767216.jpg"
"160","IMG-633bc13aa42296.30416433.jpg"
"161","IMG-633bc13aa477c6.67032052.jpg"
"162","IMG-633bc13aa4ccd3.89536820.jpg"
"163","IMG-633bc13aa50f62.75589226.jpg"
"164","IMG-633bc177ca0d45.21944675.jpg"
"165","IMG-633bc177cadc98.66768191.png"
"166","IMG-633bc177cb9652.97776411.jpg"
"167","IMG-633bc177cc9490.45163825.jpg"
"168","IMG-633bc177cd40e8.39896695.png"
"169","IMG-633bc177cde1d7.90591330.jpg"
"170","IMG-633bc177ce8132.66132919.jpg"
"171","IMG-633bd0e0440b68.48326281.jpg"
"172","IMG-633bd0e0453299.89804879.png"
"173","IMG-633bd0e045dc09.74054271.jpg"
"174","IMG-633bd0e0469232.03903066.jpg"
"175","IMG-633bd0e04724d5.31676989.png"
"176","IMG-633bd0e047fe34.33696405.jpg"
"177","IMG-633bd0e048b581.64421913.jpg"
"178","IMG-633bd0f8302ad5.98240888.jpg"
"179","IMG-633bd0f8316056.09318946.png"
"180","IMG-633bd0f8324d60.39853122.jpg"
"181","IMG-633bd0f83301f5.57629961.jpg"
"182","IMG-633bd0f833c439.62166081.png"
"183","IMG-633bd0f8346525.92815394.jpg"
"184","IMG-633bd0f83520b5.26591898.jpg"
"185","IMG-633bd15cd6d012.29829096.png"
"186","IMG-633bd15cd79531.76637968.jpg"
"187","IMG-633bd15cd856c9.90773874.jpg"
"188","IMG-633bd15cd8fa26.40374683.png"
"189","IMG-633bd15cd9b701.71752945.jpg"
"190","IMG-633bd18f2b0d28.40148361.png"
"191","IMG-633bd18f2bbec5.51815085.jpg"
"192","IMG-633bd18f2c7af4.80209465.jpg"
"193","IMG-633bd18f2d49e2.05275562.png"
"194","IMG-633bd18f2e1480.18626645.jpg"
"195","IMG-633bd1d1e540b3.40006528.png"
"196","IMG-633bd1d1e60668.48463578.png"
"197","IMG-633bd1d7ef8b09.10507063.png"
"198","IMG-633bd1d7f05394.02003319.png"
"199","IMG-633bd2449f2e78.64199958.png"
"200","IMG-633bd2449fe0c6.55621562.png"
"201","IMG-633bd25bb53fe1.80660964.png"
"202","IMG-633bd2e1044b26.59201932.png"
"203","IMG-633bd2e9db8d85.27282658.png"
"204","IMG-633bd2e9dc3b49.42454243.png"
"205","IMG-633bd3afb1d394.10525379.png"
"206","IMG-633bd43550ef43.97668617.png"
"207","IMG-633bd43551b4e0.67625267.png"
"208","IMG-633bd52e188311.85085938.png"
"209","IMG-633bd52e198d06.54657618.png"
"210","IMG-633bd561616412.98198164.png"
"211","IMG-633bd561624225.90658931.png"
"212","IMG-633bd5efd19168.38859989.png"
"213","IMG-633bd5efd27853.25325313.png"
"214","IMG-633bd603b65ce1.70865833.png"
"215","IMG-633bd603b721c2.34899118.png"
"216","IMG-633bd619d52845.77424526.png"
"217","IMG-633bd619d60283.68793327.png"
"218","IMG-633bd63472c815.09473572.png"
"219","IMG-633bd634739469.11660485.png"
"220","IMG-633bd63b7865e5.48209766.png"
"221","IMG-633bd63b797814.48853859.png"
"222","IMG-633bd6430083d1.75730368.png"
"223","IMG-633bd643015f55.35791747.png"
"224","IMG-633bd664b68c54.01870612.png"
"225","IMG-633bd664b77702.88212013.png"
